{
    "sum": 58.157971691388816,
    "accuracy": 0.7959912136188907,
    "count": 1374
}