{
    "sum": 57.12568804916657,
    "accuracy": 0.8349807797913235,
    "count": 4123
}