{
    "sum": 57.7934730808333,
    "accuracy": 0.8665568369028006,
    "count": 12371
}