{
    "sum": 141354.48697000023,
    "accuracy": 0.7967799642218247
}