{
    "sum": 138233.4010200002,
    "accuracy": 0.7942754919499105
}