{
    "sum": 139908.14628800028,
    "accuracy": 0.7796064400715563
}