{
    "sum": 138276.41413500012,
    "accuracy": 0.7960644007155635
}