{
    "sum": 139141.95859500012,
    "accuracy": 0.7835420393559929
}