{
    "sum": 57.232227780555455,
    "accuracy": 0.8407468423942889,
    "count": 6873
}