{
    "sum": 57.702375566666575,
    "accuracy": 0.8632619439868204,
    "count": 9622
}