{
    "sum": 9.402337148611114,
    "accuracy": 0.6355411954765752
}