{
    "sum": 10.270173801388896,
    "accuracy": 0.6352180936995153
}