{
    "sum": 9.642669486388883,
    "accuracy": 0.6568659127625202
}