{
    "sum": 9.603185997777782,
    "accuracy": 0.661389337641357
}