{
    "sum": 9.6112107675,
    "accuracy": 0.6733441033925687
}