{
    "sum": 10.115230135833343,
    "accuracy": 0.6555735056542811
}