{
    "sum": 9.568963308611115,
    "accuracy": 0.6578352180936995
}