{
    "sum": 9.056541509444447,
    "accuracy": 0.678513731825525
}