{
    "sum": 10.343391896666667,
    "accuracy": 0.6536348949919225
}