{
    "sum": 9.685616496111113,
    "accuracy": 0.6872374798061389
}