{
    "sum": 9.551570105555554,
    "accuracy": 0.6765751211631664
}