{
    "sum": 8.92225628777778,
    "accuracy": 0.6775444264943458
}
36 32 0.8 0.2