{
    "sum": 9.292771036944462,
    "accuracy": 0.6529886914378029
}