{
    "sum": 10.75319306611112,
    "accuracy": 0.6452342487883683
}