{
    "sum": 9.941951975555565,
    "accuracy": 0.6581583198707592
}