{
    "sum": 9.758686130833345,
    "accuracy": 0.6439418416801292
}