{
    "sum": 10.325406906666675,
    "accuracy": 0.6694668820678513
}