{
    "sum": 38.80469186666671,
    "accuracy": 0.7953488372093023
}