{
    "sum": 39.271796216944495,
    "accuracy": 0.7742397137745975
}