{
    "sum": 38.73336543166672,
    "accuracy": 0.8021466905187835
}