{
    "sum": 38.75080984833338,
    "accuracy": 0.7974955277280859
}