{
    "sum": 38.97090335416673,
    "accuracy": 0.8010733452593918
}