{
    "sum": 38.86727245361115,
    "accuracy": 0.7957066189624329
}