{
    "sum": 139589.1175340002,
    "accuracy": 0.7788908765652952
}