{
    "sum": 142530.95074200013,
    "accuracy": 0.7381037567084079
}