{
    "sum": 139111.93499500025,
    "accuracy": 0.8010733452593918
}