{
    "sum": 139708.51484800022,
    "accuracy": 0.7928443649373882
}