{
    "sum": 141148.3117780002,
    "accuracy": 0.786046511627907
}