{
    "sum": 139263.7449100002,
    "accuracy": 0.7878354203935599
}