{
    "sum": 140059.46662100023,
    "accuracy": 0.8039355992844365
}