{
    "sum": 141981.22014000022,
    "accuracy": 0.7924865831842576
}