{
    "sum": 139221.49599400023,
    "accuracy": 0.7867620751341682
}