{
    "sum": 139278.48553400024,
    "accuracy": 0.7778175313059034
}