{
    "sum": 138335.49456700007,
    "accuracy": 0.8057245080500894
}