{
    "sum": 138933.29787300024,
    "accuracy": 0.7864042933810376
}