{
    "sum": 138286.90989000013,
    "accuracy": 0.8050089445438283
}