{
    "sum": 140505.63921700022,
    "accuracy": 0.7899821109123435
}