{
    "sum": 137826.4925530002,
    "accuracy": 0.817531305903399
}