{
    "sum": 56.07136099111109,
    "accuracy": 0.9053757542512342
}