{
    "sum": 57.488810876111,
    "accuracy": 0.7956664838178826
}