{
    "sum": 55.94485448333324,
    "accuracy": 0.9303346132748217
}