{
    "sum": 55.58885114416658,
    "accuracy": 0.968184311574328
}