{
    "sum": 56.236747175833266,
    "accuracy": 0.8636862314865607
}