{
    "sum": 8.898281548888896,
    "accuracy": 0.7059773828756059
}