{
    "sum": 9.552676023611106,
    "accuracy": 0.7030694668820678
}