{
    "sum": 10.227432278055558,
    "accuracy": 0.6691437802907916
}