{
    "sum": 9.58405912166668,
    "accuracy": 0.6691437802907916
}