{
    "sum": 9.47470784388889,
    "accuracy": 0.6869143780290792
}