{
    "sum": 9.31690943611111,
    "accuracy": 0.7027463651050081
}