{
    "sum": 8.95949762944445,
    "accuracy": 0.711470113085622
}