{
    "sum": 10.330531116388892,
    "accuracy": 0.7733683174811413
}