{
    "sum": 9.60928140805556,
    "accuracy": 0.8891439816333224
}