{
    "sum": 10.143417150555564,
    "accuracy": 0.8415874057067891
}