{
    "sum": 9.000981002222217,
    "accuracy": 0.9203017382748442
}