{
    "sum": 9.008477148888886,
    "accuracy": 0.9632666448015743
}